filename,width,height,class,xmin,ymin,xmax,ymax
saint_bernard_143_jpg.rf.03694bbf8d566283b6bf112edd6fa0ce.jpg,640,640,dog-saint_bernard,275,199,517,331
Birman_160_jpg.rf.019d0b2cd7d40830e225f597e21c2a2d.jpg,640,640,cat-Birman,169,4,470,477
Russian_Blue_18_jpg.rf.05f10083052784ac5e8377eaed85e179.jpg,640,640,cat-Russian_Blue,189,25,415,371
Maine_Coon_193_jpg.rf.0c8a1c79a2074bd923f09f579993c47b.jpg,640,640,cat-Maine_Coon,284,12,493,392
basset_hound_180_jpg.rf.059f75d4204727de250aed5d057cf3b7.jpg,640,640,dog-basset_hound,173,94,389,362
chihuahua_109_jpg.rf.08110414ccc0a814858d6c46ee7cb8d3.jpg,640,640,dog-chihuahua,241,0,533,302
Sphynx_130_jpg.rf.04000c0930a890abe5a01e21e4eb8dfd.jpg,640,640,cat-Sphynx,375,50,466,203
yorkshire_terrier_108_jpg.rf.03644844c017d3d4e0579a824bf4b0cf.jpg,640,640,dog-yorkshire_terrier,245,15,478,310
havanese_188_jpg.rf.0d866892323243b5066d5c15f5cfd360.jpg,640,640,dog-havanese,82,48,326,257
Egyptian_Mau_107_jpg.rf.06c9f7ed0d76aed526942aaf3d10195c.jpg,640,640,cat-Egyptian_Mau,338,0,582,162
miniature_pinscher_113_jpg.rf.06dd1f35751e24d642fb2eb7464c1342.jpg,640,640,dog-miniature_pinscher,182,133,541,423
pug_170_jpg.rf.027ae02394213743d9e5e7f966515d26.jpg,640,640,dog-pug,177,19,510,360
havanese_121_jpg.rf.0163294490ee32a9baef3a234c223205.jpg,640,640,dog-havanese,229,0,402,210
leonberger_160_jpg.rf.022069066bbf556b345063a6b02cb924.jpg,640,640,dog-leonberger,101,84,568,402
samoyed_149_jpg.rf.06fa9fe02da3811772ad59cdbb128dad.jpg,640,640,dog-samoyed,298,210,398,403
staffordshire_bull_terrier_108_jpg.rf.0255c81b93302f75ed8678938ffed0ea.jpg,640,640,dog-staffordshire_bull_terrier,257,79,461,336
saint_bernard_161_jpg.rf.0b33b4a66a63be2c3a666a441747e326.jpg,640,640,dog-saint_bernard,183,251,435,458
Birman_137_jpg.rf.01e520d63591af6a85a3a331d1cd2e73.jpg,640,640,cat-Birman,280,354,348,458
english_cocker_spaniel_16_jpg.rf.0dde57d57481165eba0ce3d63bb94f0b.jpg,640,640,dog-english_cocker_spaniel,41,133,261,257
leonberger_149_jpg.rf.099b099e10e758e296d6a6d1d27d071a.jpg,640,640,dog-leonberger,155,43,484,621
Abyssinian_131_jpg.rf.01e41612ba23ba02c50166a67e2fea91.jpg,640,640,cat-Abyssinian,33,48,422,358
basset_hound_143_jpg.rf.0e5a19773ec5accb1c9c465766550ba2.jpg,640,640,dog-basset_hound,229,159,389,371
Birman_105_jpg.rf.0868dba725f3ef1435d9c62b2280d859.jpg,640,640,cat-Birman,283,77,441,327
scottish_terrier_128_jpg.rf.08723ef8b2ef2c1c5c66a2f56c6cf4a0.jpg,640,640,dog-scottish_terrier,152,0,500,562
wheaten_terrier_177_jpg.rf.0ec9857537ac825f5a6d7ff6e8b9c683.jpg,640,640,dog-wheaten_terrier,200,143,347,322
Persian_128_jpg.rf.0d799cdebbc8bd38de7108e56745c774.jpg,640,640,cat-Persian,187,75,348,297
Persian_117_jpg.rf.1326d5457f06125fcf74ab2f205b667c.jpg,640,640,cat-Persian,385,68,603,357
american_pit_bull_terrier_116_jpg.rf.142a3c2bff52c4d29489eab2057c0453.jpg,640,640,dog-american_pit_bull_terrier,275,196,412,351
Sphynx_177_jpg.rf.19b68d32c0a511949e773efcf9d404e2.jpg,640,640,cat-Sphynx,154,229,302,421
boxer_113_jpg.rf.10c4cf91de9af851d2e1ddb6ad201805.jpg,640,640,dog-boxer,33,96,507,397
pug_124_jpg.rf.1105d0514b268328cf1f74ced813fbdb.jpg,640,640,dog-pug,145,111,495,324
Sphynx_119_jpg.rf.11bd365aac18f862211a9fc16fb2b8ce.jpg,640,640,cat-Sphynx,126,77,366,349
scottish_terrier_174_jpg.rf.120628a40774d59d06df551362eae959.jpg,640,640,dog-scottish_terrier,110,71,475,498
yorkshire_terrier_116_jpg.rf.182e3bf678e7c6ca6bc5ff68559ed9f0.jpg,640,640,dog-yorkshire_terrier,104,0,493,397
pomeranian_134_jpg.rf.11d49d61443780a1f3c949769b602957.jpg,640,640,dog-pomeranian,49,16,220,258
pug_176_jpg.rf.1469ab501c336f7bf4a7a4247aef8178.jpg,640,640,dog-pug,194,54,435,353
Bengal_145_jpg.rf.225e5b079ff6853b38d593e009575ce2.jpg,640,640,cat-Bengal,273,145,405,336
american_pit_bull_terrier_134_jpg.rf.1b2d5179fd09a9bc830f116bd45f815f.jpg,640,640,dog-american_pit_bull_terrier,96,54,282,270
Siamese_145_jpg.rf.24dd7ca0545ddbb9ef5e7ea096bef6e1.jpg,640,640,cat-Siamese,186,73,471,430
shiba_inu_124_jpg.rf.14e0c5b5fd4b3790ae58191fc59f7609.jpg,640,640,dog-shiba_inu,166,183,319,338
scottish_terrier_162_jpg.rf.13efa6af942ebdb512f1deb489641ac6.jpg,640,640,dog-scottish_terrier,204,24,407,203
wheaten_terrier_141_jpg.rf.1aa85533ffb620980bbed3adad063128.jpg,640,640,dog-wheaten_terrier,410,33,606,238
beagle_158_jpg.rf.1b74f69a01a97ca528a16d68d6a364f3.jpg,640,640,dog-beagle,273,152,391,278
Maine_Coon_117_jpg.rf.1e65c578e8f6a3ee9f51de0710a0d698.jpg,640,640,cat-Maine_Coon,281,181,395,355
keeshond_125_jpg.rf.210a1f72038182c8f222f55c065d8a78.jpg,640,640,dog-keeshond,259,13,566,438
chihuahua_185_jpg.rf.1bbe9c61b7bc50c6fca7278f9c9897ab.jpg,640,640,dog-chihuahua,117,44,320,317
havanese_171_jpg.rf.13cfe2273a5ff6ddf6a5f63b4626148d.jpg,640,640,dog-havanese,54,95,539,548
Birman_163_jpg.rf.1de8b95caf9abb3015d4990e6c8904c4.jpg,640,640,cat-Birman,152,84,398,504
wheaten_terrier_11_jpg.rf.1c616f1f2c22d38be1bc58b762c5d41e.jpg,640,640,dog-wheaten_terrier,171,123,414,471
Sphynx_159_jpg.rf.2bbaeb62aa8878b2f6a56851cab1ea07.jpg,640,640,cat-Sphynx,21,7,387,285
Siamese_109_jpg.rf.1e54a240f53dd06948bf4c92d255f52d.jpg,640,640,cat-Siamese,152,40,433,460
american_pit_bull_terrier_182_jpg.rf.26d571b875f3d2e5d6f301f6b3b63fab.jpg,640,640,dog-american_pit_bull_terrier,94,40,454,500
miniature_pinscher_131_jpg.rf.297a5aeaee7fc6edba72e059cd5c5f8b.jpg,640,640,dog-miniature_pinscher,230,120,414,427
wheaten_terrier_188_jpg.rf.28bd706882fb7082ab9910db31200f87.jpg,640,640,dog-wheaten_terrier,151,86,291,249
pug_108_jpg.rf.2aa58c7e9b0be4d5848bf0957d1982ec.jpg,640,640,dog-pug,154,191,446,358
Bengal_174_jpg.rf.34e7befa6318a678a05622182cc02185.jpg,640,640,cat-Bengal,213,9,421,203
english_setter_120_jpg.rf.2b73e772307a24c28055d71cc00f1a9c.jpg,640,640,dog-english_setter,184,40,508,174
Russian_Blue_132_jpg.rf.28fe8eadf4b2cd3006a2818e1c4f283f.jpg,640,640,cat-Russian_Blue,265,119,435,413
english_setter_105_jpg.rf.34e2c762de00ea8260879d5ea1b72a0f.jpg,640,640,dog-english_setter,217,26,608,368
Maine_Coon_104_jpg.rf.26259de3494aaee162d48cc5dd686938.jpg,640,640,cat-Maine_Coon,160,92,292,273
British_Shorthair_195_jpg.rf.355be8f1a8e558493d6cc733916450ff.jpg,640,640,cat-British_Shorthair,118,150,398,461
Russian_Blue_107_jpg.rf.3534d54c1428892dea25e2babd28115c.jpg,640,640,cat-Russian_Blue,3,2,577,370
english_setter_165_jpg.rf.2f90f1d843c6a1ddf0aaf766f1f48434.jpg,640,640,dog-english_setter,145,157,261,331
staffordshire_bull_terrier_17_jpg.rf.25edbf61ac0428f5ed8986c869de944b.jpg,640,640,dog-staffordshire_bull_terrier,336,119,446,286
scottish_terrier_178_jpg.rf.2e5dd3b067ec83ea0ac61d5a89ce48c8.jpg,640,640,dog-scottish_terrier,216,269,310,482
yorkshire_terrier_131_jpg.rf.2fed303c60a124040306fe7637bf7b15.jpg,640,640,dog-yorkshire_terrier,113,0,414,312
samoyed_127_jpg.rf.2f480ffbe7e468d33829ff6eeaffba7f.jpg,640,640,dog-samoyed,153,2,313,262
Persian_123_jpg.rf.3625d3ab16fe52e657983d1d7de1747f.jpg,640,640,cat-Persian,67,0,578,562
great_pyrenees_148_jpg.rf.328d39d27dd44ede7c39b8f69127cdbf.jpg,640,640,dog-great_pyrenees,246,167,389,345
pomeranian_102_jpg.rf.3410984646aae79f1bf8681d3c510ac7.jpg,640,640,dog-pomeranian,233,128,338,341
american_pit_bull_terrier_102_jpg.rf.37f2cfaad434c307780ae9f57246ede7.jpg,640,640,dog-american_pit_bull_terrier,200,42,617,491
Abyssinian_149_jpg.rf.355b9cfd84761d36ae8c68eea5ece347.jpg,640,640,cat-Abyssinian,197,65,443,427
yorkshire_terrier_174_jpg.rf.3b71772738efba299e449af39bae36e2.jpg,640,640,dog-yorkshire_terrier,181,17,459,306
samoyed_153_jpg.rf.2e83712b15e37909041c503a453efe8b.jpg,640,640,dog-samoyed,136,0,546,458
pomeranian_135_jpg.rf.3e67df9dc2be5ac902221f09067bd76d.jpg,640,640,dog-pomeranian,164,36,508,335
Ragdoll_179_jpg.rf.35032611d70f9e5fbb1139cdfed287bb.jpg,640,640,cat-Ragdoll,386,79,562,350
Sphynx_151_jpg.rf.3726a40dadd67a7cb72a7b75998363b0.jpg,640,640,cat-Sphynx,154,30,272,175
British_Shorthair_109_jpg.rf.3876e3051448f0e10367320c8b371774.jpg,640,640,cat-British_Shorthair,145,19,574,493
Maine_Coon_176_jpg.rf.380b6fd2f325fcc4a79fe57abf030545.jpg,640,640,cat-Maine_Coon,46,23,401,306
american_bulldog_198_jpg.rf.3e6b1ae13fde1f236eb5a5327c153e6a.jpg,640,640,dog-american_bulldog,202,19,498,348
Bombay_125_jpg.rf.3c0e40344349f4049cb43bf2ef9d7313.jpg,640,640,cat-Bombay,226,13,470,412
Siamese_152_jpg.rf.386a6655bdf91f46a9e3f1cef6753f55.jpg,640,640,cat-Siamese,113,8,623,362
pug_121_jpg.rf.3f57ee90c3cfbd1b90a64797f69950ea.jpg,640,640,dog-pug,152,9,617,556
samoyed_18_jpg.rf.40151c6afd62f4a48e576e92d7e2c065.jpg,640,640,dog-samoyed,123,31,294,402
pug_12_jpg.rf.3e293a638146032f8706d2843bedc3a2.jpg,640,640,dog-pug,117,0,570,594
yorkshire_terrier_134_jpg.rf.40d4423b724f733fcb937427ef753d2d.jpg,640,640,dog-yorkshire_terrier,177,126,422,409
Maine_Coon_115_jpg.rf.3b845386be2a4e2eb4bc4e16ee7db5db.jpg,640,640,cat-Maine_Coon,40,0,521,384
beagle_191_jpg.rf.3e0ad2185a9db2c85c57ae274c6df3a8.jpg,640,640,dog-beagle,56,251,340,418
english_cocker_spaniel_160_jpg.rf.3e450ad655b627a807851bcff51d0281.jpg,640,640,dog-english_cocker_spaniel,151,47,495,305
British_Shorthair_166_jpg.rf.415abf15e1343866e25b6e0d5605d7bd.jpg,640,640,cat-British_Shorthair,361,165,515,270
boxer_126_jpg.rf.416f04676754f0aa17e72c39eec1aaac.jpg,640,640,dog-boxer,215,10,481,437
basset_hound_156_jpg.rf.4356b1913a758ad076ec1a64a23c3dcc.jpg,640,640,dog-basset_hound,52,67,429,561
saint_bernard_11_jpg.rf.434fcb6f7b97e6b6fbf47b7c96fb20f7.jpg,640,640,dog-saint_bernard,56,25,391,204
german_shorthaired_121_jpg.rf.47ad64996c6532480419dd2644f77879.jpg,640,640,dog-german_shorthaired,452,183,516,258
saint_bernard_166_jpg.rf.4958d559dd4b4ada2ac366ccf188746b.jpg,640,640,dog-saint_bernard,265,247,448,490
english_cocker_spaniel_157_jpg.rf.43e691dd3f3981172697450359dbcebd.jpg,640,640,dog-english_cocker_spaniel,181,48,433,277
german_shorthaired_182_jpg.rf.4964d35978b382338c6edd922e286d12.jpg,640,640,dog-german_shorthaired,174,186,466,364
scottish_terrier_135_jpg.rf.4b70bda56e19b64c1fd4234edf5ff86f.jpg,640,640,dog-scottish_terrier,285,37,406,322
saint_bernard_18_jpg.rf.4b93aab493b9b8d85a3d46a4c318fa3c.jpg,640,640,dog-saint_bernard,65,0,562,573
Russian_Blue_151_jpg.rf.4cb4c3844abee89e37453bdbbe6f5b83.jpg,640,640,cat-Russian_Blue,0,29,319,519
great_pyrenees_142_jpg.rf.3f692acd2d66f90eb1e22d0a271fb8c8.jpg,640,640,dog-great_pyrenees,311,112,440,340
havanese_118_jpg.rf.502636f66099a14504d6160d86739c85.jpg,640,640,dog-havanese,155,21,537,586
staffordshire_bull_terrier_198_jpg.rf.416b94bac53769c9ff7a5290c7853a19.jpg,640,640,dog-staffordshire_bull_terrier,184,214,383,404
beagle_148_jpg.rf.40972fc8abb14b7430d1a1b5ba5534e9.jpg,640,640,dog-beagle,104,14,403,367
saint_bernard_118_jpg.rf.4b087059517a746189f2a56ed8da10f8.jpg,640,640,dog-saint_bernard,57,109,336,356
basset_hound_182_jpg.rf.45470cdf0e562fe45345c9d421be6835.jpg,640,640,dog-basset_hound,23,145,572,540
american_bulldog_148_jpg.rf.44182d89cb0a237ed8c81804ea9429ce.jpg,640,640,dog-american_bulldog,173,208,443,468
havanese_105_jpg.rf.52cf3c0064277ef8174236d513f13a38.jpg,640,640,dog-havanese,56,73,616,438
scottish_terrier_165_jpg.rf.51037a792be9b2a0c7b1b2cdaaa14c60.jpg,640,640,dog-scottish_terrier,202,45,383,405
Bombay_146_jpg.rf.4d0f10ccacecb4b68accbf7bacaadbc0.jpg,640,640,cat-Bombay,58,210,195,431
Ragdoll_106_jpg.rf.4ccc7d842da43bb74c2d3ba001b74968.jpg,640,640,cat-Ragdoll,237,58,429,264
wheaten_terrier_126_jpg.rf.4f725a184ac0ca683c93e736ad7c2d55.jpg,640,640,dog-wheaten_terrier,215,342,317,544
miniature_pinscher_178_jpg.rf.50aa376c6ef1cc557f6b2177dea6e0c3.jpg,640,640,dog-miniature_pinscher,159,0,470,561
havanese_116_jpg.rf.51c5c98f7589d0784a1978f378afa0a9.jpg,640,640,dog-havanese,71,140,462,352
Bengal_150_jpg.rf.5df9bba9bac02d301e0413b437e33cf7.jpg,640,640,cat-Bengal,0,257,349,633
american_bulldog_128_jpg.rf.49be75b1a81bdd4d5b5cf0a2ff6a151f.jpg,640,640,dog-american_bulldog,195,82,343,346
miniature_pinscher_108_jpg.rf.61f0b2d1abf7378bf689dfa5d110919c.jpg,640,640,dog-miniature_pinscher,94,23,436,536
Sphynx_104_jpg.rf.51d246990af4f6c6860bef5e8c812b77.jpg,640,640,cat-Sphynx,238,167,358,362
Bombay_117_jpg.rf.55ab8435b32eb5d32be93dc47ab8ebd2.jpg,640,640,cat-Bombay,160,77,333,316
newfoundland_137_jpg.rf.628f5e2d98b6955da2c8ed7cd57af090.jpg,640,640,dog-newfoundland,133,56,462,548
Birman_189_jpg.rf.58c5ace38b898e3d0046b50f51c2a267.jpg,640,640,cat-Birman,215,106,444,407
havanese_112_jpg.rf.5c46ea4e60c2531720ac18ea6d01d87c.jpg,640,640,dog-havanese,213,43,529,272
British_Shorthair_193_jpg.rf.57d95a6856c1c3f6b8a8a61c5a682fde.jpg,640,640,cat-British_Shorthair,251,127,513,513
newfoundland_141_jpg.rf.6271cca90b11a68e8d2a1be17001784f.jpg,640,640,dog-newfoundland,289,116,576,556
Egyptian_Mau_153_jpg.rf.5d5ce34b252e05565de9dc9e8c6f1427.jpg,640,640,cat-Egyptian_Mau,0,0,211,241
miniature_pinscher_183_jpg.rf.58bfb7267b5dad77c8972ebfe60895b0.jpg,640,640,dog-miniature_pinscher,75,0,638,558
Maine_Coon_10_jpg.rf.5337312eb722b71b44a004b1dd4f380b.jpg,640,640,cat-Maine_Coon,103,55,458,322
newfoundland_134_jpg.rf.56c6038cd762f70561a04ffe2fa61e2b.jpg,640,640,dog-newfoundland,269,214,431,383
Bengal_118_jpg.rf.610e1095b1c6db24290222d0ae877945.jpg,640,640,cat-Bengal,161,142,284,198
beagle_136_jpg.rf.610d02851c4b70525592ea624cc1004d.jpg,640,640,dog-beagle,123,151,599,598
miniature_pinscher_187_jpg.rf.5fffd2e7fc475a6ee62264095ea3da7a.jpg,640,640,dog-miniature_pinscher,322,0,636,433
american_bulldog_12_jpg.rf.63401c77e48c536020dbed29b3ebb313.jpg,640,640,dog-american_bulldog,233,113,512,490
Siamese_158_jpg.rf.58ca627232cce4196c838de78a94a7a6.jpg,640,640,cat-Siamese,233,21,579,464
keeshond_128_jpg.rf.5a2ea4ef39e9015b2f3de01da07c0b26.jpg,640,640,dog-keeshond,311,152,438,290
Sphynx_167_jpg.rf.5cd0918dd139d542494bf1c1aa58cc2e.jpg,640,640,cat-Sphynx,133,0,429,428
Siamese_142_jpg.rf.5a13f61e8773b47fa1729b54a603a0ed.jpg,640,640,cat-Siamese,124,15,405,352
great_pyrenees_125_jpg.rf.63f80989b45d64fe961ef75ea070b8ef.jpg,640,640,dog-great_pyrenees,269,50,488,191
chihuahua_11_jpg.rf.619072cdefc634bcea2e6441f2741cc2.jpg,640,640,dog-chihuahua,46,21,577,551
american_bulldog_149_jpg.rf.66f9dd42ba257a176db0d8a1cf0b347f.jpg,640,640,dog-american_bulldog,222,225,389,347
saint_bernard_110_jpg.rf.65585d99146b17cdfee8851f658c242b.jpg,640,640,dog-saint_bernard,193,23,451,347
keeshond_104_jpg.rf.6516ccf8c3eefbae479dcbd9ea8e66d5.jpg,640,640,dog-keeshond,206,122,371,355
Siamese_200_jpg.rf.617e3abcae059409fc87feaac4436269.jpg,640,640,cat-Siamese,152,55,486,265
shiba_inu_199_jpg.rf.677fea9633716d054066682dc54e6aa3.jpg,640,640,dog-shiba_inu,81,78,572,475
japanese_chin_143_jpg.rf.677a019e59d946ed22123f569eaeb683.jpg,640,640,dog-japanese_chin,137,99,390,401
shiba_inu_183_jpg.rf.6a91efce39fe11bf46acb918d962c286.jpg,640,640,dog-shiba_inu,149,157,254,285
Bengal_103_jpg.rf.6f6991d9ee58157f7c33072e836ce7ee.jpg,640,640,cat-Bengal,225,14,461,412
english_setter_172_jpg.rf.6be468db098bdd363a30529cf4c7a5f1.jpg,640,640,dog-english_setter,219,97,352,282
saint_bernard_12_jpg.rf.65bff6643d0b7c888ca4743763ece9b6.jpg,640,640,dog-saint_bernard,160,41,484,454
great_pyrenees_153_jpg.rf.667305a9bf9fccd14226e801df06d188.jpg,640,640,dog-great_pyrenees,422,92,566,241
Maine_Coon_174_jpg.rf.75e77e04d1002ee3c23c57169051d90f.jpg,640,640,cat-Maine_Coon,246,46,437,210
saint_bernard_115_jpg.rf.6af7b05f09c72e6a01557e7e2d91d38c.jpg,640,640,dog-saint_bernard,242,87,352,254
Bombay_127_jpg.rf.6e5af2959621ca20e7b9f4b9c2f2ce9f.jpg,640,640,cat-Bombay,137,143,585,415
havanese_149_jpg.rf.73aaac31f03cf5bc86ac185cfc1905b1.jpg,640,640,dog-havanese,126,67,428,411
Bengal_167_jpg.rf.736f50647a870f2bfc9c5ec948ec393c.jpg,640,640,cat-Bengal,156,48,503,566
american_bulldog_118_jpg.rf.70a731f9a7d179e5e3e8d1abee9860ab.jpg,640,640,dog-american_bulldog,227,264,558,502
pug_185_jpg.rf.6c30694e2b305ecefe05f28fad0c0108.jpg,640,640,dog-pug,162,105,512,498
Maine_Coon_106_jpg.rf.657d523cee2d0c93b58f4c0f54b08fe8.jpg,640,640,cat-Maine_Coon,277,46,459,371
Bengal_141_jpg.rf.7523a0249c54a87cc3a6391ba636fbf7.jpg,640,640,cat-Bengal,30,350,156,499
samoyed_100_jpg.rf.6d003a0716b5e142301caa664a54589a.jpg,640,640,dog-samoyed,173,0,439,581
havanese_144_jpg.rf.77a5bc8db57924c4a2bdfbf83ed55339.jpg,640,640,dog-havanese,191,142,306,287
Abyssinian_174_jpg.rf.6b99b844983b9e298265888cedd25672.jpg,640,640,cat-Abyssinian,130,36,459,424
wheaten_terrier_137_jpg.rf.77dfb79170929c618a41748305529118.jpg,640,640,dog-wheaten_terrier,255,154,422,355
Birman_132_jpg.rf.6cf98205999c998224826c7817d09739.jpg,640,640,cat-Birman,287,13,513,403
american_pit_bull_terrier_135_jpg.rf.7bece3ed91c838d9b85213163b90dddf.jpg,640,640,dog-american_pit_bull_terrier,203,108,344,353
shiba_inu_14_jpg.rf.70dc7c0bac0a1fbe268783546a5d6e24.jpg,640,640,dog-shiba_inu,174,184,259,345
Ragdoll_132_jpg.rf.7a659e36ca27655ae341e530e1285602.jpg,640,640,cat-Ragdoll,126,34,488,522
miniature_pinscher_10_jpg.rf.76898896182c55498123394f59720e86.jpg,640,640,dog-miniature_pinscher,136,94,581,524
Ragdoll_161_jpg.rf.7bb97a8c14fd38818a72e2d8ccf9d57b.jpg,640,640,cat-Ragdoll,142,8,300,286
newfoundland_160_jpg.rf.7ba031932e82067a497fcfe276f8fd02.jpg,640,640,dog-newfoundland,41,44,223,251
keeshond_134_jpg.rf.748f1224cebb00a4dd170307954a2a3a.jpg,640,640,dog-keeshond,314,44,456,233
havanese_150_jpg.rf.7cae59a94423a5b0af58e65474545d61.jpg,640,640,dog-havanese,243,189,490,495
samoyed_150_jpg.rf.7e561056368644d6079e0807cb6513c3.jpg,640,640,dog-samoyed,307,155,439,340
basset_hound_183_jpg.rf.7652cf5b4ec00760e70238175ee68702.jpg,640,640,dog-basset_hound,132,16,514,585
wheaten_terrier_170_jpg.rf.766ed2795bf523f32ad467aaa2fbf790.jpg,640,640,dog-wheaten_terrier,231,243,382,462
Maine_Coon_161_jpg.rf.7df0d64895831c9191b8809e830c3634.jpg,640,640,cat-Maine_Coon,210,58,454,450
havanese_167_jpg.rf.84bea7f1468b5eb098d41e2dfa36260d.jpg,640,640,dog-havanese,0,8,525,289
great_pyrenees_144_jpg.rf.7fe426a796e8d9fa6118f1285acc18c2.jpg,640,640,dog-great_pyrenees,428,109,512,223
english_cocker_spaniel_121_jpg.rf.7e223f463295b229989547e368dfe6f9.jpg,640,640,dog-english_cocker_spaniel,74,94,384,479
Birman_166_jpg.rf.82a53363c10f06719192b56daab196fc.jpg,640,640,cat-Birman,233,81,389,313
Bengal_13_jpg.rf.7efc8980d2a07554bd9942118ea04e05.jpg,640,640,cat-Bengal,110,270,165,408
staffordshire_bull_terrier_123_jpg.rf.800ed176866d69fd5526569a3906fb8c.jpg,640,640,dog-staffordshire_bull_terrier,192,109,562,425
pomeranian_108_jpg.rf.7ea1762fae4125fd8b4596f3428b0929.jpg,640,640,dog-pomeranian,214,29,416,393
Siamese_100_jpg.rf.832d76fbc92ddc7115f116c25a1953c9.jpg,640,640,cat-Siamese,261,73,444,362
great_pyrenees_190_jpg.rf.7e49c102d2b722e364e71d52e913321b.jpg,640,640,dog-great_pyrenees,116,108,281,306
British_Shorthair_103_jpg.rf.829b7e6d1249d0d3c47c03e928f07ea7.jpg,640,640,cat-British_Shorthair,137,285,253,439
saint_bernard_140_jpg.rf.7e3aba6288c0abf472c66d28eee6ffdd.jpg,640,640,dog-saint_bernard,88,141,303,319
British_Shorthair_187_jpg.rf.8c6bd1d2a3a3c8b84134dbf52e68228d.jpg,640,640,cat-British_Shorthair,224,269,472,411
beagle_128_jpg.rf.8216f2ab7ae017580dbbbb6a708c558a.jpg,640,640,dog-beagle,158,88,396,421
wheaten_terrier_131_jpg.rf.7833bbb9e4c9aedd67dd493e35abd01b.jpg,640,640,dog-wheaten_terrier,133,55,570,388
english_cocker_spaniel_17_jpg.rf.821b0a4905afb4a53f289e7731ef3c27.jpg,640,640,dog-english_cocker_spaniel,191,115,531,396
saint_bernard_17_jpg.rf.8a7f1d75473b7fbb15a3abab562c78d3.jpg,640,640,dog-saint_bernard,180,38,493,398
Persian_105_jpg.rf.81c465ed32d7ba861aeb89cac7a8e055.jpg,640,640,cat-Persian,149,104,517,454
german_shorthaired_16_jpg.rf.8b091d6a725378573fad9e830d7dfd70.jpg,640,640,dog-german_shorthaired,189,124,433,254
British_Shorthair_158_jpg.rf.80bcc7ffb754732553254c72ab887fa7.jpg,640,640,cat-British_Shorthair,199,85,445,443
wheaten_terrier_147_jpg.rf.894098b8ac41a9d6996968eef2caf588.jpg,640,640,dog-wheaten_terrier,135,240,515,597
shiba_inu_165_jpg.rf.915884e33dea9aaed11da69d8b473132.jpg,640,640,dog-shiba_inu,139,54,512,334
Russian_Blue_148_jpg.rf.8d1e288ccb5f1b1d355befbb07e19881.jpg,640,640,cat-Russian_Blue,220,66,429,462
pomeranian_125_jpg.rf.8f524fb8dcfcb571390084e0066fee83.jpg,640,640,dog-pomeranian,291,176,531,402
Ragdoll_139_jpg.rf.8f73117bf656751dd6d5cbeeea555df4.jpg,640,640,cat-Ragdoll,266,0,458,320
saint_bernard_179_jpg.rf.912453db7a5206c5a239a38e45d9bcc4.jpg,640,640,dog-saint_bernard,229,203,432,333
keeshond_167_jpg.rf.8cffd575253b248be8796b358b8b8cf6.jpg,640,640,dog-keeshond,192,128,504,610
Persian_139_jpg.rf.8efde5abea7010cced91e23d06b73358.jpg,640,640,cat-Persian,192,133,638,434
basset_hound_127_jpg.rf.8f803bb2a20c0f72d4eb576fc9918843.jpg,640,640,dog-basset_hound,114,4,507,637
american_bulldog_144_jpg.rf.8a8ddf668b4f3ccbe5c9d7c0a0927451.jpg,640,640,dog-american_bulldog,187,74,424,376
basset_hound_102_jpg.rf.89a2af42d6d939e1807bafc0c0a1ce7a.jpg,640,640,dog-basset_hound,0,0,575,638
boxer_134_jpg.rf.8ee2633602e75225d4fe06e6e086ac1f.jpg,640,640,dog-boxer,27,104,495,479
miniature_pinscher_18_jpg.rf.9586663dcf3b3bc637c5e0c91dfa73db.jpg,640,640,dog-miniature_pinscher,292,59,503,237
Ragdoll_143_jpg.rf.9289f5e1b1ca51574ec3f77ac7a7a828.jpg,640,640,cat-Ragdoll,1,0,475,598
Russian_Blue_147_jpg.rf.911ec8d22328620d22a6d35cea533d17.jpg,640,640,cat-Russian_Blue,285,68,503,367
wheaten_terrier_150_jpg.rf.91681b556ab59c6924a35d6521c5823d.jpg,640,640,dog-wheaten_terrier,64,82,276,345
Bombay_18_jpg.rf.97100db005b229dd9bc31501b76898c2.jpg,640,640,cat-Bombay,53,115,262,263
Russian_Blue_199_jpg.rf.9b2ca7efdd3b4cceb17767ba453ddb34.jpg,640,640,cat-Russian_Blue,191,2,475,557
Birman_135_jpg.rf.8eb8660e0aac559327f6b00708df0dd5.jpg,640,640,cat-Birman,107,77,437,305
Persian_152_jpg.rf.976b53122039310664747bf85c740282.jpg,640,640,cat-Persian,183,103,490,300
samoyed_151_jpg.rf.9cc3c55fdaa70955c35ad67467007f09.jpg,640,640,dog-samoyed,152,109,379,393
Birman_159_jpg.rf.994860351d028737dae48d8f5cba891d.jpg,640,640,cat-Birman,230,23,520,432
shiba_inu_135_jpg.rf.939ac58409c3e6e9da0d7e5c8322f68c.jpg,640,640,dog-shiba_inu,217,55,443,420
american_pit_bull_terrier_109_jpg.rf.969d2ea1bb6e4feaefee2e747778d807.jpg,640,640,dog-american_pit_bull_terrier,130,45,419,307
havanese_12_jpg.rf.97e6598f27c8eda20933a14444ef77cd.jpg,640,640,dog-havanese,115,132,534,383
Bombay_140_jpg.rf.954abe2448825fda774bf91d1337fc34.jpg,640,640,cat-Bombay,226,29,519,354
boxer_12_jpg.rf.92aa0a94d4571e5bb15698f08de02cf1.jpg,640,640,dog-boxer,0,14,497,556
pomeranian_11_jpg.rf.9c2b3130a8b21c9010b0d1461cf8303c.jpg,640,640,dog-pomeranian,241,76,385,392
wheaten_terrier_158_jpg.rf.9dba12260cb01a932b644e35f9eb6f7f.jpg,640,640,dog-wheaten_terrier,8,0,421,480
japanese_chin_153_jpg.rf.a0212890a94e84a9e841086f458b4f77.jpg,640,640,dog-japanese_chin,58,57,287,264
Egyptian_Mau_147_jpg.rf.98dc55b2ef706c4c5c917787d386bde5.jpg,640,640,cat-Egyptian_Mau,445,13,578,136
Sphynx_139_jpg.rf.a2b3fd84dba452e4c9d5483029ed4c3f.jpg,640,640,cat-Sphynx,286,37,468,186
Russian_Blue_183_jpg.rf.a043e0b617c064993f9bcced580440a9.jpg,640,640,cat-Russian_Blue,116,174,310,498
chihuahua_145_jpg.rf.9c21af85f79398da4009b84891a3739d.jpg,640,640,dog-chihuahua,203,109,403,374
samoyed_178_jpg.rf.9d5a55f0fc5888a19a2b6dc51f521490.jpg,640,640,dog-samoyed,260,75,349,286
great_pyrenees_116_jpg.rf.9f8f3bca323d746b380bf4a2af53b387.jpg,640,640,dog-great_pyrenees,105,81,442,360
Persian_13_jpg.rf.a282fc187c3955a7a23371750d43b831.jpg,640,640,cat-Persian,92,0,630,466
english_setter_178_jpg.rf.9ad3ca63cffbe36af98f23e436502d1c.jpg,640,640,dog-english_setter,32,16,481,345
Egyptian_Mau_108_jpg.rf.a61925fb9bbe8cfad0232879fba17f7f.jpg,640,640,cat-Egyptian_Mau,162,61,374,224
basset_hound_184_jpg.rf.a09ca4e9c783852170e138bf960f6a6b.jpg,640,640,dog-basset_hound,148,220,558,562
boxer_142_jpg.rf.a222611d2877a3ada4970a173fb4511f.jpg,640,640,dog-boxer,210,193,438,439
Persian_147_jpg.rf.a4bea46a6bcaeaa2829610ebffd5f89f.jpg,640,640,cat-Persian,104,137,333,454
chihuahua_14_jpg.rf.a24cdd7f478451f246f746eaa685122d.jpg,640,640,dog-chihuahua,137,21,562,435
havanese_106_jpg.rf.a2d057598139cfe7dd2a75bfa099d0bd.jpg,640,640,dog-havanese,140,169,431,335
leonberger_137_jpg.rf.a406db9aabbfa532e2429f8ed0a1d961.jpg,640,640,dog-leonberger,129,52,517,569
Persian_140_jpg.rf.a26f1db6381d355b1f7e7ab8d600f379.jpg,640,640,cat-Persian,149,125,526,383
yorkshire_terrier_186_jpg.rf.a1873a2b56bfaf657b96540ee09a98b1.jpg,640,640,dog-yorkshire_terrier,265,53,454,392
beagle_107_jpg.rf.b3faaffd920fc241b2610341d3e3f068.jpg,640,640,dog-beagle,188,151,429,420
leonberger_127_jpg.rf.a39d1b39f2d5b6ad7ffde1541cf3db89.jpg,640,640,dog-leonberger,31,35,494,471
Abyssinian_167_jpg.rf.a4d8d2ee3e3b54dc0f6552a38126540a.jpg,640,640,cat-Abyssinian,201,68,485,376
Sphynx_157_jpg.rf.a6ab06937fa32435c3d44a63b5a39af1.jpg,640,640,cat-Sphynx,308,27,446,228
beagle_133_jpg.rf.ae216e0823a59f5c8b00904998a1ebbc.jpg,640,640,dog-beagle,0,90,480,444
beagle_180_jpg.rf.a969573554816c393b249bd23cbe29b5.jpg,640,640,dog-beagle,221,73,624,638
wheaten_terrier_120_jpg.rf.b4be7d2237a3bee6560dc6ada21b6557.jpg,640,640,dog-wheaten_terrier,267,74,495,339
Egyptian_Mau_152_jpg.rf.b4c239fdb3fb9bf000bc9c07c476a288.jpg,640,640,cat-Egyptian_Mau,215,9,451,327
scottish_terrier_125_jpg.rf.b0a5bfd3310c21b4b1e2f023ddb4c02e.jpg,640,640,dog-scottish_terrier,237,2,444,486
english_cocker_spaniel_142_jpg.rf.b2e2186a9d68e1108a8311e182e0f82f.jpg,640,640,dog-english_cocker_spaniel,350,126,483,256
Russian_Blue_106_jpg.rf.acc7e059667f0d906e83d6fc4b2bb083.jpg,640,640,cat-Russian_Blue,87,30,355,218
samoyed_121_jpg.rf.a594c293c53d01c0b9791c4868949c8e.jpg,640,640,dog-samoyed,223,3,435,426
Abyssinian_15_jpg.rf.b52df76cc104beca378e7bd33997eb3a.jpg,640,640,cat-Abyssinian,20,23,577,540
scottish_terrier_182_jpg.rf.ad250a3aa17b38971d0b4d2b310bac1d.jpg,640,640,dog-scottish_terrier,278,118,547,560
Ragdoll_160_jpg.rf.b3bb2b296c8e84ee1afecd72598e3e5b.jpg,640,640,cat-Ragdoll,131,0,286,255
saint_bernard_130_jpg.rf.b80dd8bd1c36c23f43cd1e3dfae1dcc1.jpg,640,640,dog-saint_bernard,0,40,604,508
Birman_157_jpg.rf.afe80d0aa0c9ab735846985a54fed45a.jpg,640,640,cat-Birman,53,18,604,587
newfoundland_17_jpg.rf.b0b56a1a6c5c6b9617c65ee38255ee9d.jpg,640,640,dog-newfoundland,101,134,326,320
Maine_Coon_158_jpg.rf.bdaa223449e2e1845e52895dceb9e3f5.jpg,640,640,cat-Maine_Coon,111,41,338,437
pug_162_jpg.rf.b795d515aafbd30bb78eb293a668630e.jpg,640,640,dog-pug,136,85,510,461
Bengal_109_jpg.rf.bc09892c234c8ff9372991d4d30dfbbf.jpg,640,640,cat-Bengal,294,21,512,356
japanese_chin_162_jpg.rf.bda6b526cf20cce25f735e3105e04cb2.jpg,640,640,dog-japanese_chin,121,29,468,396
pomeranian_129_jpg.rf.b1c3dc9a3129264c0fc1739ef1d06913.jpg,640,640,dog-pomeranian,173,51,499,432
japanese_chin_103_jpg.rf.b524bdc988bde9cc2c356bd87cd37833.jpg,640,640,dog-japanese_chin,103,118,546,535
Siamese_148_jpg.rf.bd0ea0c86eeb1ad292e4cdb7e5737afb.jpg,640,640,cat-Siamese,301,47,475,272
chihuahua_143_jpg.rf.bdd8e17c0fe59cb8ed2dfde1d86f21df.jpg,640,640,dog-chihuahua,41,11,561,403
Bombay_130_jpg.rf.b07399fb00b98e4b3d2cd889ec73e9bc.jpg,640,640,cat-Bombay,349,36,510,203
beagle_119_jpg.rf.b893046e3f97e7bb534787178f6726e7.jpg,640,640,dog-beagle,229,210,427,361
shiba_inu_166_jpg.rf.b97d24357c4d33a768880f4fbcebb690.jpg,640,640,dog-shiba_inu,117,0,459,429
Bengal_116_jpg.rf.be64c5d5c8288521111a02b51ebf0598.jpg,640,640,cat-Bengal,19,70,168,415
Ragdoll_158_jpg.rf.bdd22aff26e4b8d0fb8870ae8a4e5975.jpg,640,640,cat-Ragdoll,470,12,613,205
japanese_chin_108_jpg.rf.bd88706e9753460a1a46cd9aeaacba3b.jpg,640,640,dog-japanese_chin,236,178,419,342
shiba_inu_132_jpg.rf.c1fee4f12ef4efa109f32f8f7424de3e.jpg,640,640,dog-shiba_inu,38,159,638,511
havanese_170_jpg.rf.bebb27f4e8b0fbb0c4d3b035be924a81.jpg,640,640,dog-havanese,290,165,386,280
american_bulldog_200_jpg.rf.c4f75d784c6255ba50b449f74529f90f.jpg,640,640,dog-american_bulldog,225,16,451,285
Siamese_164_jpg.rf.c007f94e6af31a46d2f9578fc3514883.jpg,640,640,cat-Siamese,173,155,403,505
pug_145_jpg.rf.c252b8358093ca903b1fda785fc07b81.jpg,640,640,dog-pug,215,0,615,433
British_Shorthair_177_jpg.rf.c748e307c8f082a7a1f55d72383a555a.jpg,640,640,cat-British_Shorthair,256,41,401,260
Abyssinian_127_jpg.rf.c3a2eb9bc6a00eba9493246d60daf022.jpg,640,640,cat-Abyssinian,229,392,428,523
german_shorthaired_150_jpg.rf.cb0b947fe59ec7e76f1bc6c417c65c2f.jpg,640,640,dog-german_shorthaired,285,225,412,325
miniature_pinscher_110_jpg.rf.cadf8741ff58a1475f85c84f90e8e263.jpg,640,640,dog-miniature_pinscher,277,10,465,311
english_cocker_spaniel_173_jpg.rf.cb1039c8e5fb4585a71b1f227f51020c.jpg,640,640,dog-english_cocker_spaniel,72,118,284,382
keeshond_138_jpg.rf.c87b06961189b90abb6e8d64e90f0085.jpg,640,640,dog-keeshond,60,31,289,200
Bombay_153_jpg.rf.c4786dd4eaca5a18ea80dbd1e50dfdda.jpg,640,640,cat-Bombay,359,142,522,378
havanese_15_jpg.rf.c245bb5edc8803219a4cdf0b29f9671d.jpg,640,640,dog-havanese,210,150,532,385
american_bulldog_116_jpg.rf.bed02079652b843da1258ce9ffab7e0e.jpg,640,640,dog-american_bulldog,258,46,498,213
miniature_pinscher_170_jpg.rf.c6d4019dedf792ee8eecfc248922d4c4.jpg,640,640,dog-miniature_pinscher,173,77,356,307
english_setter_106_jpg.rf.c5baeb034cb4a2c83dd8d6d1086b4d31.jpg,640,640,dog-english_setter,201,215,340,442
saint_bernard_132_jpg.rf.cb707d861c8d9662bb535aceeb70bae7.jpg,640,640,dog-saint_bernard,320,179,503,398
english_cocker_spaniel_117_jpg.rf.cb40cac861278c94af2f92d117244b79.jpg,640,640,dog-english_cocker_spaniel,198,109,604,374
Birman_186_jpg.rf.cc61583f7220f08c80234c789b272e96.jpg,640,640,cat-Birman,341,96,465,285
scottish_terrier_10_jpg.rf.c9f9d9e5f03761068e03a4321aac2814.jpg,640,640,dog-scottish_terrier,29,19,159,354
yorkshire_terrier_165_jpg.rf.d040ea6ca67e113a8fe1061d32acf033.jpg,640,640,dog-yorkshire_terrier,219,7,504,392
leonberger_169_jpg.rf.c78aab290da9642bd8da9a2ce0c38f17.jpg,640,640,dog-leonberger,164,145,299,329
Egyptian_Mau_123_jpg.rf.ca764dfd8f34f71fcffe43314236da78.jpg,640,640,cat-Egyptian_Mau,295,31,431,196
samoyed_179_jpg.rf.ce4ff612adcd53c4ddfe3e9b14c47cf9.jpg,640,640,dog-samoyed,274,138,367,379
american_pit_bull_terrier_144_jpg.rf.bfae748ac8515b3ad47704283e285d4b.jpg,640,640,dog-american_pit_bull_terrier,331,70,484,294
english_cocker_spaniel_111_jpg.rf.d478a3d464781a46ebab5293bfec71da.jpg,640,640,dog-english_cocker_spaniel,74,38,452,576
scottish_terrier_172_jpg.rf.d4b680ad45bb606840ef21a89ffa6298.jpg,640,640,dog-scottish_terrier,114,77,456,548
Abyssinian_155_jpg.rf.cbdce98e858520da303dd9a5fe10b5ac.jpg,640,640,cat-Abyssinian,63,74,233,369
shiba_inu_177_jpg.rf.dd30a8a5c582112613ad5257314b441d.jpg,640,640,dog-shiba_inu,267,201,556,308
american_bulldog_15_jpg.rf.ce48b573c3849aad688c167f09f6880c.jpg,640,640,dog-american_bulldog,101,53,550,322
Siamese_146_jpg.rf.d52956ae67fd1b29c7f69315a9da8553.jpg,640,640,cat-Siamese,192,65,477,497
pomeranian_120_jpg.rf.d1e8c51dbbc0e20bb7ada75efefbf2ff.jpg,640,640,dog-pomeranian,173,30,316,233
British_Shorthair_154_jpg.rf.d1e60069c0e9d749c62f43f78e4c21f2.jpg,640,640,cat-British_Shorthair,268,0,462,266
saint_bernard_163_jpg.rf.dda455b82edb1bb584943694933a85cb.jpg,640,640,dog-saint_bernard,250,91,449,376
wheaten_terrier_116_jpg.rf.d8dd66a3d48907748e66821832739426.jpg,640,640,dog-wheaten_terrier,360,311,435,435
leonberger_112_jpg.rf.d4766872c91c3de53a2d5c3124a062b5.jpg,640,640,dog-leonberger,156,46,536,556
japanese_chin_137_jpg.rf.d2273380c095481691d401e0e7ad8c90.jpg,640,640,dog-japanese_chin,283,272,399,375
Persian_143_jpg.rf.d41649d90afe12e91184fda4bca99963.jpg,640,640,cat-Persian,252,206,351,363
British_Shorthair_164_jpg.rf.d61b01392c6954c439a715610723d6e4.jpg,640,640,cat-British_Shorthair,127,29,495,485
scottish_terrier_101_jpg.rf.d3acf360b2fbe8936df97383d2453717.jpg,640,640,dog-scottish_terrier,285,50,466,418
german_shorthaired_118_jpg.rf.d9fcabeafa1b4efa20b35375643a8692.jpg,640,640,dog-german_shorthaired,203,72,373,350
japanese_chin_146_jpg.rf.db6dfeadd1180208b9896c099aec973f.jpg,640,640,dog-japanese_chin,173,34,362,251
staffordshire_bull_terrier_132_jpg.rf.de4e93aac13ab29afe927bcaa76c22d9.jpg,640,640,dog-staffordshire_bull_terrier,190,256,372,548
great_pyrenees_189_jpg.rf.e491a59d4ffe4bd35fdffe14254689dc.jpg,640,640,dog-great_pyrenees,232,132,581,405
saint_bernard_157_jpg.rf.d7b56255b9f878ca27216802778d01f2.jpg,640,640,dog-saint_bernard,291,222,537,373
Egyptian_Mau_13_jpg.rf.e02c522d880a552d51f32627b70695f0.jpg,640,640,cat-Egyptian_Mau,209,59,429,223
chihuahua_101_jpg.rf.dd778df604f8809612629bd32653a87e.jpg,640,640,dog-chihuahua,325,56,452,211
english_cocker_spaniel_133_jpg.rf.ceeebf12f6dc778c91712d155882348e.jpg,640,640,dog-english_cocker_spaniel,11,15,477,334
american_bulldog_176_jpg.rf.debbc6820c8bde683f7ced7004795348.jpg,640,640,dog-american_bulldog,241,214,437,504
boxer_174_jpg.rf.e7777f2bb0446788a79fdfe303ccb6f7.jpg,640,640,dog-boxer,136,6,435,442
great_pyrenees_111_jpg.rf.dc54edc433b4ce430fd8fbeb21f1198b.jpg,640,640,dog-great_pyrenees,124,0,382,383
Sphynx_142_jpg.rf.de956be657e20250afd130f1421f8eec.jpg,640,640,cat-Sphynx,51,0,341,451
leonberger_174_jpg.rf.de110a234ed0889018c3b551c0705b5e.jpg,640,640,dog-leonberger,231,69,395,310
american_pit_bull_terrier_117_jpg.rf.e1f372f312c0265904743a78255b4d98.jpg,640,640,dog-american_pit_bull_terrier,115,52,527,605
american_bulldog_169_jpg.rf.dc6ea316813ecb83ed2cc6d6db99081b.jpg,640,640,dog-american_bulldog,49,163,536,623
Ragdoll_182_jpg.rf.e6c7e644370aee5ed8a38765d9226412.jpg,640,640,cat-Ragdoll,247,72,466,315
japanese_chin_105_jpg.rf.e618b687a11ac5cd1c85079228a6c01b.jpg,640,640,dog-japanese_chin,34,0,558,206
Birman_173_jpg.rf.e90d9211680cc8f693bea32d03ed6c8b.jpg,640,640,cat-Birman,264,10,401,213
Persian_132_jpg.rf.e888aef800764969526425cbfea59ea8.jpg,640,640,cat-Persian,52,103,623,485
Maine_Coon_214_jpg.rf.ec80b4ade5fb59b7ba4676ddc5cdd9c2.jpg,640,640,cat-Maine_Coon,265,37,380,225
Birman_151_jpg.rf.eccecd38eab0ab870d71481e0c69b1c8.jpg,640,640,cat-Birman,331,131,522,282
chihuahua_17_jpg.rf.d3c1be2112ffcab99ac6d072e2bbbe76.jpg,640,640,dog-chihuahua,343,103,461,326
keeshond_124_jpg.rf.ee742aa38001ba34e5aa54d1907d3074.jpg,640,640,dog-keeshond,92,24,577,406
yorkshire_terrier_106_jpg.rf.ec21f2c47a668f2f7e2b174e748ca4e3.jpg,640,640,dog-yorkshire_terrier,234,132,407,389
shiba_inu_144_jpg.rf.e36c27db7837e4523a5b8c23466c974a.jpg,640,640,dog-shiba_inu,255,190,448,337
Bombay_122_jpg.rf.eabf0ba7afcca4e2bfadec9f889751a9.jpg,640,640,cat-Bombay,33,258,119,355
german_shorthaired_14_jpg.rf.f035880b60645992227dc76cb1f3cb73.jpg,640,640,dog-german_shorthaired,373,300,561,519
american_bulldog_178_jpg.rf.eb17ec75b527c96b9a5b230b07a93d95.jpg,640,640,dog-american_bulldog,238,59,408,297
beagle_112_jpg.rf.e665cfe81fdae5818fc3745e61400c3d.jpg,640,640,dog-beagle,44,290,444,501
scottish_terrier_104_jpg.rf.ef7e73aa60a0c83cf3dea6469bb9b5e4.jpg,640,640,dog-scottish_terrier,121,59,248,334
american_bulldog_126_jpg.rf.f5a99fe43e77266a4e84eea3c0a33ef1.jpg,640,640,dog-american_bulldog,221,9,504,195
beagle_17_jpg.rf.f30c091cd1af0ab44c67ef0c20ce1d43.jpg,640,640,dog-beagle,183,231,534,363
Russian_Blue_158_jpg.rf.f23facce8c4061ba3c03630219f71b18.jpg,640,640,cat-Russian_Blue,316,129,562,498
scottish_terrier_166_jpg.rf.f2d8a3307687f8fbc39156d4a9cfb757.jpg,640,640,dog-scottish_terrier,206,108,471,335
english_setter_190_jpg.rf.f98f63c033eaafa28d03e38385b09fd6.jpg,640,640,dog-english_setter,354,26,519,242
leonberger_173_jpg.rf.ed2212e5fa45abc701b0fc14419223b1.jpg,640,640,dog-leonberger,145,21,341,286
Birman_144_jpg.rf.f36646bf83174c141c9108374d7e9701.jpg,640,640,cat-Birman,321,44,493,246
havanese_104_jpg.rf.f52915b979bef76b3e94167a74a4794d.jpg,640,640,dog-havanese,239,151,502,323
pomeranian_183_jpg.rf.ef8e7ccf51c008d239eb4e28d9276957.jpg,640,640,dog-pomeranian,158,168,403,529
Russian_Blue_174_jpg.rf.ef8c703d1b2f1b5aa07f3466821013ba.jpg,640,640,cat-Russian_Blue,261,117,378,315
yorkshire_terrier_142_jpg.rf.ed2be9be8c8774d38b75606422d5b54b.jpg,640,640,dog-yorkshire_terrier,175,29,495,501
Sphynx_127_jpg.rf.f66dd8a8b5e1ca09a53890d638a57cab.jpg,640,640,cat-Sphynx,283,218,484,351
British_Shorthair_101_jpg.rf.f84cf5a2d8b55b0cdf24e2fe5e627b16.jpg,640,640,cat-British_Shorthair,333,165,474,375
pomeranian_169_jpg.rf.f9e6cdc8553d92f40d0faf9cc2ef2a87.jpg,640,640,dog-pomeranian,154,53,431,207
Bengal_165_jpg.rf.f42441721f9f8c851f528fd5e2b23e61.jpg,640,640,cat-Bengal,116,49,259,228
havanese_157_jpg.rf.f8a6caf30427c4cd33573cefbcca6072.jpg,640,640,dog-havanese,197,78,437,333
miniature_pinscher_146_jpg.rf.f9a89011b68556162f2b0fcec6572237.jpg,640,640,dog-miniature_pinscher,267,0,531,432
boxer_150_jpg.rf.f4fd91ad2c825ac7c1145198d33845b1.jpg,640,640,dog-boxer,280,189,383,473
keeshond_119_jpg.rf.f823dcaec26362540a603afa5ae6db36.jpg,640,640,dog-keeshond,184,63,447,442
Birman_122_jpg.rf.ff223cf47c3c67e109a57a1ba49ff884.jpg,640,640,cat-Birman,183,50,449,443
Maine_Coon_131_jpg.rf.f962702b49ae30dc4573ab0a428a6369.jpg,640,640,cat-Maine_Coon,287,131,486,471
keeshond_12_jpg.rf.fdcce49eb661eb7e9487d018058eab13.jpg,640,640,dog-keeshond,160,47,413,306
havanese_127_jpg.rf.ff061cc0609c14e636c3f9dea28cad5b.jpg,640,640,dog-havanese,188,140,369,363
yorkshire_terrier_189_jpg.rf.ff6e27eb124061be87fb311b3c1abdfe.jpg,640,640,dog-yorkshire_terrier,350,159,514,395
Ragdoll_171_jpg.rf.ff7eda2a7066130be617e6c9f9839b81.jpg,640,640,cat-Ragdoll,52,92,498,424